{"max_iob":4444,"type":"current","dia":4,"current_basal":0.5,"max_daily_basal":0.7,"max_basal":4.5,"min_bg":104.39999999999999,"max_bg":111.60000000000001,"sens":54,"carb_ratio":14}
